Keyword,SKU Name,Price,Sales Count,GMV Estimation,Page
Rockbros,Pompa Ban Sepeda Motor Bola Rockbros Pump 380G 160 PSI Pompa sepeda,114250,1000,114250000,1
Rockbros,"Lampu Depan sepeda Rechargeable CREE XPG350 Lumens No Rockbros, cateye",79000,30,2370000,1
Rockbros,Arm Sleeve Manset Kaos Tangan Sepeda Rockbros Original anti UV,59000,250,14750000,1
Rockbros,ELtamart Rockbros B86 Bicycle Tool Kit Bag Cycling Storage Tas Botol,125000,28,3500000,1
Rockbros,ROCKBROS D1-800 Lampu Sepeda 800 Lumens Headlight Bike Light barfly,199000,80,15920000,1
Rockbros,ROCKBROS LF8065 Masker Balaclava Sepeda Slayer Motor Face Mask Scarf B,36500,7000,255500000,1
Rockbros,ROCKBROS S099 Sarung Tangan Sepeda Bike Half Finger Gloves,46000,500,23000000,1
Rockbros,ROCKBROS Arm Sleeve Sunscreen Protection Manset Pelindung Sinar UV SPF,25000,1000,25000000,1
Rockbros,ROCKBROS XT9002 Manset Tangan Sepeda Cycling Arm Sleeve Pria Wanita,11200,10000,112000000,1
Rockbros,ROCKBROS T512 T609 Kunci Gembok Sepeda Bicycle Lock Passcode 4 Angka,35500,1000,35500000,1
Rockbros,ROCKBROS Q5 Lampu Belakang Sepeda Smart Brake Light Sensor,166000,1000,166000000,1
Rockbros,ROCKBROS Q5 Lampu Belakang Sepeda Sensor Rem Bike Taillight SmartBrake,163900,500,81950000,1
Rockbros,Lampu Sepeda Belakang Rockbros Q5 + 2 Bracket,154800,750,116100000,1
Rockbros,Lampu Sepeda Rockbros Q3 Smart Bike Lamp + 2Brackets Rockbross not Q5,97999,500,48999500,1
Rockbros,ROCKBROS Q5 Brake Tail Light Saddle Mount Lampu Rem Sepeda Intelligent,155000,250,38750000,1
Rockbros,ROCKBROS ZK-013 Helm Sepeda + LED Lampu Belakang Bicycle Helmet MTB RB,293900,500,146950000,1
Rockbros,ROCKBROS PT-6005 Lampu Belakang Sepeda Seatpost Tas Helm Bike Tailight,38000,1000,38000000,1
Rockbros,ROCKBROS WT-018S Helm Sepeda Gowes Bicycle Helmet wt Magnetic Glasses,260000,100,26000000,1
Rockbros,HELM SEPEDA ROCKBROS WT-09BK DARK GREY ORIGINAL,269000,500,134500000,1
Rockbros,ROCKBROS WT-099 Black Bicycle Helmet- Helm Sepeda Anti Sweat,318000,100,31800000,1
Rockbros,Rockbros Lampu Depan Sepeda USB Rechargeable 2000mAh 400L YQ-QD400,109000,100,10900000,1
Rockbros,ROCKBROS PT-6005 Bike Tail Light - Lampu Belakang Seatpost Sepeda,37500,3000,112500000,1
Rockbros,Rockbros WR05 Lampu Belakang Sepeda Brake Sensor Light USB Waterproof,99275,250,24818750,1
Rockbros,ROCKBROS Q5 Lampu Belakang Sepeda Sensor Rem Bike Taillight SmartBrake,163900,500,81950000,1
Rockbros,ROCKBROS ZPWD-1 Lampu Belakang Sepeda Bike Clip Light Mini Lamp,18500,250,4625000,1
Rockbros,LAMPU SEPEDA BELAKANG ROCKBROS Q1 BIKE TAIL LIGHT RECHARGEABLE ORI,71500,1000,71500000,1
Rockbros,Lampu Sepeda Belakang ROCKBROS Q1 Bicycle Tail Light RECHARGEABLE Ori,71500,1000,71500000,1
Rockbros,Rockbros Q1 Lampu Belakang Sepeda 6 Warna USB Rechargeable Tail Light,82000,100,8200000,1
Rockbros,lampu sepeda belakang rockbros q1,71500,100,7150000,1
Rockbros,Rockbros Q1 Lampu Belakang Sepeda 6 Warna USB Rechargeable-Tail Light,82500,1000,82500000,1
Rockbros,ROCKBROS S099 Sarung Tangan Sepeda Bike Half Finger Gloves,46000,500,23000000,1
Rockbros,ROCKBROS S202 Sarung Tangan Sepeda Non Padding Half Finger Gloves,55900,250,13975000,1
Rockbros,ROCKBROS S196 Sarung Tangan Sepeda Bike Gloves Half finger,97400,100,9740000,1
Rockbros,ROCKBROS S291-1 Sarung Tangan Sepeda Anti UV Bike Glove Full Finger,91000,500,45500000,1
Rockbros,ROCKBROS S202-1 Sarung Tangan Sepeda Anti UV Bike Gloves Full Finger,62500,100,6250000,1
Matoa,buah matoa 1kg,48500,4000,194000000,1
Matoa,Matoa Manis,32500,50,1625000,1
Matoa,Buah Matoa Papua Fresh Premium - JonsMart - 500gram,35500,250,8875000,1
Matoa,Buah Matoa dari Papua 3rasa Duren-Klengkeng-Rambutan Murah Fresh 250gr,13255,2000,26510000,1
Matoa,Pupuk Matoa Organik Booster Matoa Pemacu Cepat Berbuah Lebat,18860,70,1320200,1
Matoa,BUAH MATOA FRESH RASA DURIAN,27500,750,20625000,1
Matoa,buah matoa 1 kg manis - MATOA,29990,100,2999000,1
Matoa,Buah Matoa Papua 3Rasa Duren+Rambutan+Klengkeng Harga Grosir 500gr,25425,500,12712500,1
Matoa,buah matoa 1kg,48500,4000,194000000,1
Matoa,buah matoa 1 kg murah,50000,3000,150000000,1
Matoa,BUAH MATOA FRESH RASA DURIAN,27500,750,20625000,1
Matoa,buah matoa 1kg,48500,4000,194000000,1
Matoa,Buah Matoa Papua 3Rasa Duren+Rambutan+Klengkeng Harga Grosir 500gr,25425,500,12712500,1
Matoa,buah matoa 1 kg manis - MATOA,29990,100,2999000,1
Matoa,buah matoa 1 kg murah,50000,3000,150000000,1
Matoa,Matoa Sumba Jam Tangan Kayu Eksklusif Magnum Limited Edition - UNISEX,1000000,0,0,1
Matoa,jam tangan matoa rakai,1330000,13,17290000,1
Matoa,PREMIUM MATOA RAKAI FULL MOON JAM TANGAN KAYU PRIA WANITA UNISEX -,1380000,0,0,1
Matoa,Matoa Rakai Mini Full Moon Jam Tangan Kayu Pria/Wanita/Unisex - Maple,1543000,0,0,1
Matoa,jam tangan matoa asli (kayu) paling murah ready banyak ...,1000000,4,4000000,1
Matoa,jam tangan matoa rakai,1330000,13,17290000,1
Matoa,PREMIUM MATOA RAKAI FULL MOON JAM TANGAN KAYU PRIA WANITA UNISEX -,1380000,0,0,1
Matoa,Matoa Rakai Mini Full Moon Jam Tangan Kayu Pria/Wanita/Unisex - Maple,1543000,0,0,1
Matoa,Jam tangan matoa rakai ebony,2000000,1,2000000,1
Matoa,jam matoa rakai moon Bekas (dus+sparepart msh lengkap) NEGO!!,700000,0,0,1
Matoa,jam tangan matoa rakai,1330000,13,17290000,1
Matoa,Matoa Rakai Mini Full Moon Jam Tangan Kayu Pria/Wanita/Unisex - Maple,1543000,0,0,1
Matoa,Jam tangan matoa rakai ebony,2000000,1,2000000,1
Matoa,Matoa Singo Jam Tangan,750000,0,0,1
Matoa,Matoa Sumba Jam Tangan Kayu Eksklusif Magnum Limited Edition - UNISEX,1000000,0,0,1
Matoa,Bibit Tanaman Matoa Super Unggul Cepat Berbuah Buah Matoa,8500,250,2125000,1
Matoa,Bibit Tanaman Matoa cepat berbuah,9000,750,6750000,1
Matoa,Bibit Tanaman Buah Matoa Hasil Cangkok,35000,100,3500000,1
Matoa,Bibit Matoa Pohon Matoa Bibit Buah Matoa Tanaman Matoa,13000,750,9750000,1
Matoa,Bibit Tanaman Buah Matoa Unggul HASIL Cangkok/Sambung,32000,40,1280000,1
Matoa,buah matoa 1kg,48500,4000,194000000,2
Matoa,Matoa Manis,32500,50,1625000,2
Matoa,Buah Matoa Papua Fresh Premium - JonsMart - 500gram,35500,250,8875000,2
Matoa,Pupuk Matoa Organik Booster Matoa Pemacu Cepat Berbuah Lebat,18860,70,1320200,2
Matoa,bibit tanaman buah matoa,8500,22,187000,2
Matoa,BUAH MATOA FRESH RASA DURIAN,27500,750,20625000,2
Matoa,buah matoa 1 kg manis - MATOA,29990,100,2999000,2
Matoa,Buah Matoa Papua 3Rasa Duren+Rambutan+Klengkeng Harga Grosir 500gr,25425,500,12712500,2
Matoa,buah matoa 1kg,48500,4000,194000000,2
Matoa,buah matoa 1 kg murah,50000,3000,150000000,2
Matoa,BUAH MATOA FRESH RASA DURIAN,27500,750,20625000,2
Matoa,buah matoa 1kg,48500,4000,194000000,2
Matoa,Buah Matoa Papua 3Rasa Duren+Rambutan+Klengkeng Harga Grosir 500gr,25425,500,12712500,2
Matoa,buah matoa 1 kg manis - MATOA,29990,100,2999000,2
Matoa,buah matoa 1 kg murah,50000,3000,150000000,2
Matoa,Matoa Sumba Jam Tangan Kayu Eksklusif Magnum Limited Edition - UNISEX,1000000,0,0,2
Matoa,jam tangan matoa rakai,1330000,13,17290000,2
Matoa,PREMIUM MATOA RAKAI FULL MOON JAM TANGAN KAYU PRIA WANITA UNISEX -,1380000,0,0,2
Matoa,Matoa Rakai Mini Full Moon Jam Tangan Kayu Pria/Wanita/Unisex - Maple,1543000,0,0,2
Matoa,jam tangan matoa asli (kayu) paling murah ready banyak ...,1000000,4,4000000,2
Matoa,jam tangan matoa rakai,1330000,13,17290000,2
Matoa,PREMIUM MATOA RAKAI FULL MOON JAM TANGAN KAYU PRIA WANITA UNISEX -,1380000,0,0,2
Matoa,Matoa Rakai Mini Full Moon Jam Tangan Kayu Pria/Wanita/Unisex - Maple,1543000,0,0,2
Matoa,Jam tangan matoa rakai ebony,2000000,1,2000000,2
Matoa,jam matoa rakai moon Bekas (dus+sparepart msh lengkap) NEGO!!,700000,0,0,2
Matoa,jam tangan matoa rakai,1330000,13,17290000,2
Matoa,Matoa Rakai Mini Full Moon Jam Tangan Kayu Pria/Wanita/Unisex - Maple,1543000,0,0,2
Matoa,Jam tangan matoa rakai ebony,2000000,1,2000000,2
Matoa,Matoa Singo Jam Tangan,750000,0,0,2
Matoa,Matoa Sumba Jam Tangan Kayu Eksklusif Magnum Limited Edition - UNISEX,1000000,0,0,2
Matoa,Bibit Tanaman Matoa Super Unggul Cepat Berbuah Buah Matoa,8500,250,2125000,2
Matoa,Bibit Tanaman Matoa cepat berbuah,9000,750,6750000,2
Matoa,Bibit Tanaman Buah Matoa Hasil Cangkok,35000,100,3500000,2
Matoa,Bibit Matoa Pohon Matoa Bibit Buah Matoa Tanaman Matoa,13000,750,9750000,2
Matoa,Bibit Tanaman Buah Matoa Unggul HASIL Cangkok/Sambung,32000,40,1280000,2
Matoa,buah matoa 1kg,48500,4000,194000000,3
Matoa,Matoa Manis,32500,50,1625000,3
Matoa,Buah Matoa Papua Fresh Premium - JonsMart - 500gram,35500,250,8875000,3
Matoa,Pupuk Matoa Organik Booster Matoa Pemacu Cepat Berbuah Lebat,18860,70,1320200,3
Matoa,bibit tanaman buah matoa,8500,22,187000,3
Matoa,BUAH MATOA FRESH RASA DURIAN,27500,750,20625000,3
Matoa,buah matoa 1 kg manis - MATOA,29990,100,2999000,3
Matoa,Buah Matoa Papua 3Rasa Duren+Rambutan+Klengkeng Harga Grosir 500gr,25425,500,12712500,3
Matoa,buah matoa 1kg,48500,4000,194000000,3
Matoa,buah matoa 1 kg murah,50000,3000,150000000,3
Matoa,BUAH MATOA FRESH RASA DURIAN,27500,750,20625000,3
Matoa,buah matoa 1kg,48500,4000,194000000,3
Matoa,Buah Matoa Papua 3Rasa Duren+Rambutan+Klengkeng Harga Grosir 500gr,25425,500,12712500,3
Matoa,buah matoa 1 kg manis - MATOA,29990,100,2999000,3
Matoa,buah matoa 1 kg murah,50000,3000,150000000,3
Matoa,Matoa Sumba Jam Tangan Kayu Eksklusif Magnum Limited Edition - UNISEX,1000000,0,0,3
Matoa,jam tangan matoa rakai,1330000,13,17290000,3
Matoa,PREMIUM MATOA RAKAI FULL MOON JAM TANGAN KAYU PRIA WANITA UNISEX -,1380000,0,0,3
Matoa,Matoa Rakai Mini Full Moon Jam Tangan Kayu Pria/Wanita/Unisex - Maple,1543000,0,0,3
Matoa,jam tangan matoa asli (kayu) paling murah ready banyak ...,1000000,4,4000000,3
Matoa,jam tangan matoa rakai,1330000,13,17290000,3
Matoa,PREMIUM MATOA RAKAI FULL MOON JAM TANGAN KAYU PRIA WANITA UNISEX -,1380000,0,0,3
Matoa,Matoa Rakai Mini Full Moon Jam Tangan Kayu Pria/Wanita/Unisex - Maple,1543000,0,0,3
Matoa,Jam tangan matoa rakai ebony,2000000,1,2000000,3
Matoa,jam matoa rakai moon Bekas (dus+sparepart msh lengkap) NEGO!!,700000,0,0,3
Matoa,jam tangan matoa rakai,1330000,13,17290000,3
Matoa,Matoa Rakai Mini Full Moon Jam Tangan Kayu Pria/Wanita/Unisex - Maple,1543000,0,0,3
Matoa,Jam tangan matoa rakai ebony,2000000,1,2000000,3
Matoa,Matoa Singo Jam Tangan,750000,0,0,3
Matoa,Matoa Sumba Jam Tangan Kayu Eksklusif Magnum Limited Edition - UNISEX,1000000,0,0,3
Matoa,Bibit Tanaman Matoa Super Unggul Cepat Berbuah Buah Matoa,8500,250,2125000,3
Matoa,Bibit Tanaman Matoa cepat berbuah,9000,750,6750000,3
Matoa,Bibit Tanaman Buah Matoa Hasil Cangkok,35000,100,3500000,3
Matoa,Bibit Matoa Pohon Matoa Bibit Buah Matoa Tanaman Matoa,13000,750,9750000,3
Matoa,Bibit Tanaman Buah Matoa Unggul HASIL Cangkok/Sambung,32000,40,1280000,3
Matoa,buah matoa 1kg,48500,4000,194000000,4
Matoa,Matoa Manis,32500,50,1625000,4
Matoa,Buah Matoa Papua Fresh Premium - JonsMart - 500gram,35500,250,8875000,4
Matoa,Pupuk Matoa Organik Booster Matoa Pemacu Cepat Berbuah Lebat,18860,70,1320200,4
Matoa,bibit tanaman buah matoa,8500,22,187000,4
Matoa,BUAH MATOA FRESH RASA DURIAN,27500,750,20625000,4
Matoa,buah matoa 1 kg manis - MATOA,29990,100,2999000,4
Matoa,Buah Matoa Papua 3Rasa Duren+Rambutan+Klengkeng Harga Grosir 500gr,25425,500,12712500,4
Matoa,buah matoa 1kg,48500,4000,194000000,4
Matoa,buah matoa 1 kg murah,50000,3000,150000000,4
Matoa,BUAH MATOA FRESH RASA DURIAN,27500,750,20625000,4
Matoa,buah matoa 1kg,48500,4000,194000000,4
Matoa,Buah Matoa Papua 3Rasa Duren+Rambutan+Klengkeng Harga Grosir 500gr,25425,500,12712500,4
Matoa,buah matoa 1 kg manis - MATOA,29990,100,2999000,4
Matoa,buah matoa 1 kg murah,50000,3000,150000000,4
Matoa,Matoa Sumba Jam Tangan Kayu Eksklusif Magnum Limited Edition - UNISEX,1000000,0,0,4
Matoa,jam tangan matoa rakai,1330000,13,17290000,4
Matoa,PREMIUM MATOA RAKAI FULL MOON JAM TANGAN KAYU PRIA WANITA UNISEX -,1380000,0,0,4
Matoa,Matoa Rakai Mini Full Moon Jam Tangan Kayu Pria/Wanita/Unisex - Maple,1543000,0,0,4
Matoa,jam tangan matoa asli (kayu) paling murah ready banyak ...,1000000,4,4000000,4
Matoa,jam tangan matoa rakai,1330000,13,17290000,4
Matoa,PREMIUM MATOA RAKAI FULL MOON JAM TANGAN KAYU PRIA WANITA UNISEX -,1380000,0,0,4
Matoa,Matoa Rakai Mini Full Moon Jam Tangan Kayu Pria/Wanita/Unisex - Maple,1543000,0,0,4
Matoa,Jam tangan matoa rakai ebony,2000000,1,2000000,4
Matoa,jam matoa rakai moon Bekas (dus+sparepart msh lengkap) NEGO!!,700000,0,0,4
Matoa,jam tangan matoa rakai,1330000,13,17290000,4
Matoa,Matoa Rakai Mini Full Moon Jam Tangan Kayu Pria/Wanita/Unisex - Maple,1543000,0,0,4
Matoa,Jam tangan matoa rakai ebony,2000000,1,2000000,4
Matoa,Matoa Singo Jam Tangan,750000,0,0,4
Matoa,Matoa Sumba Jam Tangan Kayu Eksklusif Magnum Limited Edition - UNISEX,1000000,0,0,4
Matoa,Bibit Tanaman Matoa Super Unggul Cepat Berbuah Buah Matoa,8500,250,2125000,4
Matoa,Bibit Tanaman Matoa cepat berbuah,9000,750,6750000,4
Matoa,Bibit Tanaman Buah Matoa Hasil Cangkok,35000,100,3500000,4
Matoa,Bibit Matoa Pohon Matoa Bibit Buah Matoa Tanaman Matoa,13000,750,9750000,4
Matoa,Bibit Tanaman Buah Matoa Unggul HASIL Cangkok/Sambung,32000,40,1280000,4
Matoa,buah matoa 1kg,48500,4000,194000000,5
Matoa,Matoa Manis,32500,50,1625000,5
Matoa,Buah Matoa Papua Fresh Premium - JonsMart - 500gram,35500,250,8875000,5
Matoa,Buah Matoa dari Papua 3rasa Duren-Klengkeng-Rambutan Murah Fresh 250gr,13255,2000,26510000,5
Matoa,Pupuk Matoa Organik Booster Matoa Pemacu Cepat Berbuah Lebat,18860,70,1320200,5
Matoa,BUAH MATOA FRESH RASA DURIAN,27500,750,20625000,5
Matoa,buah matoa 1 kg manis - MATOA,29990,100,2999000,5
Matoa,Buah Matoa Papua 3Rasa Duren+Rambutan+Klengkeng Harga Grosir 500gr,25425,500,12712500,5
Matoa,buah matoa 1kg,48500,4000,194000000,5
Matoa,buah matoa 1 kg murah,50000,3000,150000000,5
Matoa,BUAH MATOA FRESH RASA DURIAN,27500,750,20625000,5
Matoa,buah matoa 1kg,48500,4000,194000000,5
Matoa,Buah Matoa Papua 3Rasa Duren+Rambutan+Klengkeng Harga Grosir 500gr,25425,500,12712500,5
Matoa,buah matoa 1 kg manis - MATOA,29990,100,2999000,5
Matoa,buah matoa 1 kg murah,50000,3000,150000000,5
Matoa,Matoa Sumba Jam Tangan Kayu Eksklusif Magnum Limited Edition - UNISEX,1000000,0,0,5
Matoa,jam tangan matoa rakai,1330000,13,17290000,5
Matoa,PREMIUM MATOA RAKAI FULL MOON JAM TANGAN KAYU PRIA WANITA UNISEX -,1380000,0,0,5
Matoa,Matoa Rakai Mini Full Moon Jam Tangan Kayu Pria/Wanita/Unisex - Maple,1543000,0,0,5
Matoa,jam tangan matoa asli (kayu) paling murah ready banyak ...,1000000,4,4000000,5
Matoa,jam tangan matoa rakai,1330000,13,17290000,5
Matoa,PREMIUM MATOA RAKAI FULL MOON JAM TANGAN KAYU PRIA WANITA UNISEX -,1380000,0,0,5
Matoa,Matoa Rakai Mini Full Moon Jam Tangan Kayu Pria/Wanita/Unisex - Maple,1543000,0,0,5
Matoa,Jam tangan matoa rakai ebony,2000000,1,2000000,5
Matoa,jam matoa rakai moon Bekas (dus+sparepart msh lengkap) NEGO!!,700000,0,0,5
Matoa,jam tangan matoa rakai,1330000,13,17290000,5
Matoa,Matoa Rakai Mini Full Moon Jam Tangan Kayu Pria/Wanita/Unisex - Maple,1543000,0,0,5
Matoa,Jam tangan matoa rakai ebony,2000000,1,2000000,5
Matoa,Matoa Singo Jam Tangan,750000,0,0,5
Matoa,Matoa Sumba Jam Tangan Kayu Eksklusif Magnum Limited Edition - UNISEX,1000000,0,0,5
Matoa,Bibit Tanaman Matoa Super Unggul Cepat Berbuah Buah Matoa,8500,250,2125000,5
Matoa,Bibit Tanaman Matoa cepat berbuah,9000,750,6750000,5
Matoa,Bibit Tanaman Buah Matoa Hasil Cangkok,35000,100,3500000,5
Matoa,Bibit Matoa Pohon Matoa Bibit Buah Matoa Tanaman Matoa,13000,750,9750000,5
Matoa,Bibit Tanaman Buah Matoa Unggul HASIL Cangkok/Sambung,32000,40,1280000,5
konichiwa,"DRESS ANAK KONICHIWA EBV Baju Dress Anak Perempuan Import - Grey, M",114400,2,228800,1
konichiwa,Kaos Tulisan Jepang - KONICHIWA - Baju Kaos Distro Pria Murah - FPC ID,34500,26,897000,1
konichiwa,[EP] Yuki Saito - Kanashimi yo Konichiwa (Maison Ikkoku),140000,0,0,1
konichiwa,KONICHIWA Sandal Jepit Dewasa Series 5,123000,0,0,1
konichiwa,Sprei Anak Beverly 120x200 100x200 90x200 Hello Kitty Konichiwa,112500,3,337500,1
konichiwa,konichiwa eyewear frame kacamata pure asetat 72011 kacamata cateye,115000,0,0,1
konichiwa,KONICHIWA - Sarung Tangan Latex/Lateks | Gloves Isi 100,36500,0,0,1
konichiwa,SANDAL ANAK KONICHIWA UNISEX KIDS,70000,0,0,1
konichiwa,Sandal konichiwa,65000,60,3900000,1
konichiwa,Promo Sandal Konichiwa Abstract Pop - Navy Blue - Women Murah,192400,0,0,1
konichiwa,"DRESS ANAK KONICHIWA EBV Baju Dress Anak Perempuan Import - Grey, M",114400,2,228800,2
konichiwa,Kaos Tulisan Jepang - KONICHIWA - Baju Kaos Distro Pria Murah - FPC ID,34500,26,897000,2
konichiwa,[EP] Yuki Saito - Kanashimi yo Konichiwa (Maison Ikkoku),140000,0,0,2
konichiwa,KONICHIWA Sandal Jepit Dewasa Series 5,123000,0,0,2
konichiwa,Sprei Anak Beverly 120x200 100x200 90x200 Hello Kitty Konichiwa,112500,3,337500,2
konichiwa,konichiwa eyewear frame kacamata pure asetat 72011 kacamata cateye,115000,0,0,2
konichiwa,KONICHIWA - Sarung Tangan Latex/Lateks | Gloves Isi 100,36500,0,0,2
konichiwa,SANDAL ANAK KONICHIWA UNISEX KIDS,70000,0,0,2
konichiwa,Sandal konichiwa,65000,60,3900000,2
konichiwa,Promo Sandal Konichiwa Abstract Pop - Navy Blue - Women Murah,192400,0,0,2
konichiwa,"DRESS ANAK KONICHIWA EBV Baju Dress Anak Perempuan Import - Grey, M",114400,2,228800,3
konichiwa,Kaos Tulisan Jepang - KONICHIWA - Baju Kaos Distro Pria Murah - FPC ID,34500,26,897000,3
konichiwa,[EP] Yuki Saito - Kanashimi yo Konichiwa (Maison Ikkoku),140000,0,0,3
konichiwa,KONICHIWA Sandal Jepit Dewasa Series 5,123000,0,0,3
konichiwa,Sprei Anak Beverly 120x200 100x200 90x200 Hello Kitty Konichiwa,112500,3,337500,3
konichiwa,konichiwa eyewear frame kacamata pure asetat 72011 kacamata cateye,115000,0,0,3
konichiwa,KONICHIWA - Sarung Tangan Latex/Lateks | Gloves Isi 100,36500,0,0,3
konichiwa,SANDAL ANAK KONICHIWA UNISEX KIDS,70000,0,0,3
konichiwa,Sandal konichiwa,65000,60,3900000,3
konichiwa,Promo Sandal Konichiwa Abstract Pop - Navy Blue - Women Murah,192400,0,0,3
konichiwa,"DRESS ANAK KONICHIWA EBV Baju Dress Anak Perempuan Import - Grey, M",114400,2,228800,4
konichiwa,Kaos Tulisan Jepang - KONICHIWA - Baju Kaos Distro Pria Murah - FPC ID,34500,26,897000,4
konichiwa,[EP] Yuki Saito - Kanashimi yo Konichiwa (Maison Ikkoku),140000,0,0,4
konichiwa,KONICHIWA Sandal Jepit Dewasa Series 5,123000,0,0,4
konichiwa,Sprei Anak Beverly 120x200 100x200 90x200 Hello Kitty Konichiwa,112500,3,337500,4
konichiwa,konichiwa eyewear frame kacamata pure asetat 72011 kacamata cateye,115000,0,0,4
konichiwa,KONICHIWA - Sarung Tangan Latex/Lateks | Gloves Isi 100,36500,0,0,4
konichiwa,SANDAL ANAK KONICHIWA UNISEX KIDS,70000,0,0,4
konichiwa,Sandal konichiwa,65000,60,3900000,4
konichiwa,Promo Sandal Konichiwa Abstract Pop - Navy Blue - Women Murah,192400,0,0,4
konichiwa,"DRESS ANAK KONICHIWA EBV Baju Dress Anak Perempuan Import - Grey, M",114400,2,228800,5
konichiwa,Kaos Tulisan Jepang - KONICHIWA - Baju Kaos Distro Pria Murah - FPC ID,34500,26,897000,5
konichiwa,[EP] Yuki Saito - Kanashimi yo Konichiwa (Maison Ikkoku),140000,0,0,5
konichiwa,KONICHIWA Sandal Jepit Dewasa Series 5,123000,0,0,5
konichiwa,Sprei Anak Beverly 120x200 100x200 90x200 Hello Kitty Konichiwa,112500,3,337500,5
konichiwa,konichiwa eyewear frame kacamata pure asetat 72011 kacamata cateye,115000,0,0,5
konichiwa,KONICHIWA - Sarung Tangan Latex/Lateks | Gloves Isi 100,36500,0,0,5
konichiwa,SANDAL ANAK KONICHIWA UNISEX KIDS,70000,0,0,5
konichiwa,Sandal konichiwa,65000,60,3900000,5
konichiwa,Promo Sandal Konichiwa Abstract Pop - Navy Blue - Women Murah,192400,0,0,5
konichiwa,"DRESS ANAK KONICHIWA EBV Baju Dress Anak Perempuan Import - Grey, M",114400,2,228800,6
konichiwa,Kaos Tulisan Jepang - KONICHIWA - Baju Kaos Distro Pria Murah - FPC ID,34500,26,897000,6
konichiwa,[EP] Yuki Saito - Kanashimi yo Konichiwa (Maison Ikkoku),140000,0,0,6
konichiwa,KONICHIWA Sandal Jepit Dewasa Series 5,123000,0,0,6
konichiwa,Sprei Anak Beverly 120x200 100x200 90x200 Hello Kitty Konichiwa,112500,3,337500,6
konichiwa,konichiwa eyewear frame kacamata pure asetat 72011 kacamata cateye,115000,0,0,6
konichiwa,KONICHIWA - Sarung Tangan Latex/Lateks | Gloves Isi 100,36500,0,0,6
konichiwa,SANDAL ANAK KONICHIWA UNISEX KIDS,70000,0,0,6
konichiwa,Sandal konichiwa,65000,60,3900000,6
konichiwa,Promo Sandal Konichiwa Abstract Pop - Navy Blue - Women Murah,192400,0,0,6
konichiwa,"DRESS ANAK KONICHIWA EBV Baju Dress Anak Perempuan Import - Grey, M",114400,2,228800,7
konichiwa,Kaos Tulisan Jepang - KONICHIWA - Baju Kaos Distro Pria Murah - FPC ID,34500,26,897000,7
konichiwa,[EP] Yuki Saito - Kanashimi yo Konichiwa (Maison Ikkoku),140000,0,0,7
konichiwa,KONICHIWA Sandal Jepit Dewasa Series 5,123000,0,0,7
konichiwa,Sprei Anak Beverly 120x200 100x200 90x200 Hello Kitty Konichiwa,112500,3,337500,7
konichiwa,konichiwa eyewear frame kacamata pure asetat 72011 kacamata cateye,115000,0,0,7
konichiwa,KONICHIWA - Sarung Tangan Latex/Lateks | Gloves Isi 100,36500,0,0,7
konichiwa,SANDAL ANAK KONICHIWA UNISEX KIDS,70000,0,0,7
konichiwa,Sandal konichiwa,65000,60,3900000,7
konichiwa,Promo Sandal Konichiwa Abstract Pop - Navy Blue - Women Murah,192400,0,0,7
konichiwa,"DRESS ANAK KONICHIWA EBV Baju Dress Anak Perempuan Import - Grey, M",114400,2,228800,8
konichiwa,Kaos Tulisan Jepang - KONICHIWA - Baju Kaos Distro Pria Murah - FPC ID,34500,26,897000,8
konichiwa,[EP] Yuki Saito - Kanashimi yo Konichiwa (Maison Ikkoku),140000,0,0,8
konichiwa,KONICHIWA Sandal Jepit Dewasa Series 5,123000,0,0,8
konichiwa,Sprei Anak Beverly 120x200 100x200 90x200 Hello Kitty Konichiwa,112500,3,337500,8
konichiwa,konichiwa eyewear frame kacamata pure asetat 72011 kacamata cateye,115000,0,0,8
konichiwa,KONICHIWA - Sarung Tangan Latex/Lateks | Gloves Isi 100,36500,0,0,8
konichiwa,SANDAL ANAK KONICHIWA UNISEX KIDS,70000,0,0,8
konichiwa,Sandal konichiwa,65000,60,3900000,8
konichiwa,Promo Sandal Konichiwa Abstract Pop - Navy Blue - Women Murah,192400,0,0,8
konichiwa,"DRESS ANAK KONICHIWA EBV Baju Dress Anak Perempuan Import - Grey, M",114400,2,228800,9
konichiwa,Kaos Tulisan Jepang - KONICHIWA - Baju Kaos Distro Pria Murah - FPC ID,34500,26,897000,9
konichiwa,[EP] Yuki Saito - Kanashimi yo Konichiwa (Maison Ikkoku),140000,0,0,9
konichiwa,KONICHIWA Sandal Jepit Dewasa Series 5,123000,0,0,9
konichiwa,Sprei Anak Beverly 120x200 100x200 90x200 Hello Kitty Konichiwa,112500,3,337500,9
konichiwa,konichiwa eyewear frame kacamata pure asetat 72011 kacamata cateye,115000,0,0,9
konichiwa,KONICHIWA - Sarung Tangan Latex/Lateks | Gloves Isi 100,36500,0,0,9
konichiwa,SANDAL ANAK KONICHIWA UNISEX KIDS,70000,0,0,9
konichiwa,Sandal konichiwa,65000,60,3900000,9
konichiwa,Promo Sandal Konichiwa Abstract Pop - Navy Blue - Women Murah,192400,0,0,9
konichiwa,"DRESS ANAK KONICHIWA EBV Baju Dress Anak Perempuan Import - Grey, M",114400,2,228800,10
konichiwa,Kaos Tulisan Jepang - KONICHIWA - Baju Kaos Distro Pria Murah - FPC ID,34500,26,897000,10
konichiwa,[EP] Yuki Saito - Kanashimi yo Konichiwa (Maison Ikkoku),140000,0,0,10
konichiwa,KONICHIWA Sandal Jepit Dewasa Series 5,123000,0,0,10
konichiwa,Sprei Anak Beverly 120x200 100x200 90x200 Hello Kitty Konichiwa,112500,3,337500,10
konichiwa,konichiwa eyewear frame kacamata pure asetat 72011 kacamata cateye,115000,0,0,10
konichiwa,KONICHIWA - Sarung Tangan Latex/Lateks | Gloves Isi 100,36500,0,0,10
konichiwa,SANDAL ANAK KONICHIWA UNISEX KIDS,70000,0,0,10
konichiwa,Sandal konichiwa,65000,60,3900000,10
konichiwa,Promo Sandal Konichiwa Abstract Pop - Navy Blue - Women Murah,192400,0,0,10
